"Post: ""HotelQuickly bắt tay với Uber để mang tới món quà...""",2015-11-02,2015-11-02,1.22,910,70,
AU-Android-App_Engagement,2015-10-27,2015-10-27,4.46,582,7,
AU-Android-App_Engagement,2015-10-26,2015-10-26,3.31,854,5,
AU-Android-App_Engagement,2015-10-28,2015-10-28,1.31,551,5,
AU-Android-App_Engagement,2015-10-29,2015-10-29,0.52,397,3,
AU-IOS-App_Engagement,2015-10-20,2015-10-20,0.97,833,1,
AU-IOS-App_Engagement,2015-10-19,2015-10-19,5.44,996,6,
AU-Android-App_Engagement,2015-10-30,2015-10-30,1.62,376,5,
AU-Android-App_Engagement,2015-10-25,2015-10-25,4.15,943,12,
AU-Android-App_Engagement,2015-10-24,2015-10-24,6.67,552,9,
MY-IOS-App_Engagement,2015-11-04,2015-11-04,0,286,1,
MY-IOS-App_Engagement,2015-11-03,2015-11-03,0.47,558,4,
MY-IOS-App_Engagement,2015-11-02,2015-11-02,0.59,647,3,1
AU-Android-App_Engagement,2015-10-19,2015-10-19,5.58,699,12,
AU-Android-App_Engagement,2015-10-20,2015-10-20,1.16,671,3,
AU-Android-App_Engagement,2015-10-23,2015-10-23,3.92,442,6,
AU-Android-App_Engagement,2015-10-22,2015-10-22,1.5,562,6,
AU-Android-App_Engagement,2015-10-21,2015-10-21,2.61,488,5,
AU-IOS-App_Engagement,2015-10-21,2015-10-21,1.63,531,3,
AU-IOS-App_Engagement,2015-10-22,2015-10-22,1.5,530,2,
ID-IOS-App_Engagement,2015-10-22,2015-10-22,30.55,15433,76,4
ID-IOS-App_Engagement,2015-10-21,2015-10-21,28.61,14337,52,3
ID-IOS-App_Engagement,2015-10-23,2015-10-23,31.18,13396,77,1
ID-IOS-App_Engagement,2015-10-24,2015-10-24,27.85,14675,73,7
ID-IOS-App_Engagement,2015-10-27,2015-10-27,28.18,16943,63,9
ID-IOS-App_Engagement,2015-10-26,2015-10-26,30.47,12802,72,3
ID-IOS-App_Engagement,2015-10-25,2015-10-25,28.92,16799,72,5
ID-IOS-App_Engagement,2015-10-20,2015-10-20,28.68,13713,68,8
ID-IOS-App_Engagement,2015-10-19,2015-10-19,28,15126,65,4
AU-IOS-App_Engagement,2015-10-25,2015-10-25,2,820,3,1
AU-IOS-App_Engagement,2015-10-24,2015-10-24,3.16,607,3,
AU-IOS-App_Engagement,2015-10-23,2015-10-23,2.06,271,3,
AU-IOS-App_Engagement,2015-10-26,2015-10-26,1.82,1106,2,
AU-IOS-App_Engagement,2015-10-27,2015-10-27,4.91,701,5,
AU-IOS-App_Engagement,2015-10-30,2015-10-30,0.88,382,1,
AU-IOS-App_Engagement,2015-10-29,2015-10-29,1.04,448,1,
AU-IOS-App_Engagement,2015-10-28,2015-10-28,1.26,482,2,
MY-IOS-App_Engagement,2015-11-01,2015-11-01,0.52,831,4,
MY-IOS-App_Engagement,2015-10-31,2015-10-31,0.35,767,3,
MY-Android-App_Engagement,2015-10-22,2015-10-22,8.74,10750,241,
MY-Android-App_Engagement,2015-10-21,2015-10-21,8.4,10077,187,5
MY-Android-App_Engagement,2015-10-23,2015-10-23,8.44,10070,188,2
MY-Android-App_Engagement,2015-10-24,2015-10-24,10.45,10457,193,4
MY-Android-App_Engagement,2015-10-27,2015-10-27,9.21,11006,188,6
MY-Android-App_Engagement,2015-10-26,2015-10-26,6.9,10231,175,6
MY-Android-App_Engagement,2015-10-25,2015-10-25,7.77,9941,177,3
MY-Android-App_Engagement,2015-10-20,2015-10-20,8.22,10868,201,2
MY-Android-App_Engagement,2015-10-19,2015-10-19,9.01,11446,213,3
AU-Android-Mobile_Installs,2015-10-30,2015-10-30,0.82,172,1,
AU-Android-Mobile_Installs,2015-10-29,2015-10-29,0.83,196,1,
AU-Android-Mobile_Installs,2015-10-28,2015-10-28,0,184,0,
AU-Android-Mobile_Installs,2015-10-31,2015-10-31,0.23,243,1,
AU-Android-Mobile_Installs,2015-11-01,2015-11-01,0.76,537,4,
AU-Android-Mobile_Installs,2015-11-04,2015-11-04,0.38,239,2,
AU-Android-Mobile_Installs,2015-11-03,2015-11-03,1.27,303,4,
AU-Android-Mobile_Installs,2015-11-02,2015-11-02,1.98,559,5,
MY-Android-App_Engagement,2015-10-28,2015-10-28,8.4,9372,170,4
MY-Android-App_Engagement,2015-10-29,2015-10-29,7.63,8970,182,3
MY-IOS-App_Engagement,2015-10-25,2015-10-25,0.87,743,6,
MY-IOS-App_Engagement,2015-10-24,2015-10-24,0.18,549,1,
MY-IOS-App_Engagement,2015-10-23,2015-10-23,0,341,0,
MY-IOS-App_Engagement,2015-10-26,2015-10-26,0.84,725,5,1
MY-IOS-App_Engagement,2015-10-27,2015-10-27,0.54,848,6,
MY-IOS-App_Engagement,2015-10-30,2015-10-30,0.18,606,1,
MY-IOS-App_Engagement,2015-10-29,2015-10-29,0.25,547,2,1
MY-IOS-App_Engagement,2015-10-28,2015-10-28,0,501,0,
MY-IOS-App_Engagement,2015-10-22,2015-10-22,0.79,528,5,2
MY-IOS-App_Engagement,2015-10-21,2015-10-21,0.29,660,2,1
MY-Android-App_Engagement,2015-11-01,2015-11-01,8.5,9309,202,2
MY-Android-App_Engagement,2015-10-31,2015-10-31,6.1,8833,162,3
MY-Android-App_Engagement,2015-10-30,2015-10-30,5.83,8768,168,2
MY-Android-App_Engagement,2015-11-02,2015-11-02,7.37,9957,203,4
MY-Android-App_Engagement,2015-11-03,2015-11-03,5.71,9416,162,3
MY-IOS-App_Engagement,2015-10-20,2015-10-20,0.58,885,3,
MY-IOS-App_Engagement,2015-10-19,2015-10-19,0.95,912,5,
MY-Android-App_Engagement,2015-11-04,2015-11-04,4.6,5061,95,2
ID-IOS-App_Engagement,2015-10-28,2015-10-28,30.42,12956,73,10
ID-IOS-App_Engagement,2015-10-29,2015-10-29,30.67,12904,66,7
SG-Android-App_Engagement,2015-10-22,2015-10-22,26.72,8611,145,1
SG-Android-App_Engagement,2015-10-21,2015-10-21,31.86,9741,160,4
SG-Android-App_Engagement,2015-10-23,2015-10-23,21.6,4499,91,2
SG-Android-App_Engagement,2015-10-24,2015-10-24,32.19,5692,87,4
SG-Android-App_Engagement,2015-10-27,2015-10-27,35,3874,103,2
SG-Android-App_Engagement,2015-10-26,2015-10-26,33.26,6168,97,7
SG-Android-App_Engagement,2015-10-25,2015-10-25,34.08,6952,99,3
SG-Android-App_Engagement,2015-10-20,2015-10-20,33.34,8564,162,3
SG-Android-App_Engagement,2015-10-19,2015-10-19,33.72,10349,148,5
VN-IOS-App_Engagement,2015-10-20,2015-10-20,0.03,254,2,1
VN-IOS-App_Engagement,2015-10-19,2015-10-19,0.02,287,2,
TH-Android-App_Engagement,2015-11-04,2015-11-04,0.3,1498,22,
VN-IOS-App_Engagement,2015-10-21,2015-10-21,0.04,237,1,
VN-IOS-App_Engagement,2015-10-22,2015-10-22,0.02,198,2,
VN-IOS-App_Engagement,2015-10-25,2015-10-25,0,8,0,
VN-IOS-App_Engagement,2015-10-24,2015-10-24,0,184,0,1
VN-IOS-App_Engagement,2015-10-23,2015-10-23,0,125,0,
SG-Android-App_Engagement,2015-10-28,2015-10-28,34.93,4599,121,9
SG-Android-App_Engagement,2015-10-29,2015-10-29,35,5955,129,8
TW-Android-Mobile_Installs,2015-10-25,2015-10-25,40.44,12377,212,49
TW-Android-Mobile_Installs,2015-10-24,2015-10-24,33.59,10260,171,36
TW-Android-Mobile_Installs,2015-10-23,2015-10-23,39.21,11169,161,31
TW-Android-Mobile_Installs,2015-10-26,2015-10-26,35.01,9535,193,38
TW-Android-Mobile_Installs,2015-10-27,2015-10-27,25.02,6140,154,18
TW-Android-Mobile_Installs,2015-10-30,2015-10-30,17.13,4214,79,15
TW-Android-Mobile_Installs,2015-10-29,2015-10-29,7.64,2059,43,6
TW-Android-Mobile_Installs,2015-10-28,2015-10-28,25.03,5962,148,22
TW-Android-Mobile_Installs,2015-10-22,2015-10-22,45.46,14522,240,56
TW-Android-Mobile_Installs,2015-10-21,2015-10-21,39.27,12940,225,56
SG-Android-App_Engagement,2015-11-01,2015-11-01,34.11,8418,128,6
SG-Android-App_Engagement,2015-10-31,2015-10-31,35,5873,132,3
SG-Android-App_Engagement,2015-10-30,2015-10-30,34.88,5847,119,1
SG-Android-App_Engagement,2015-11-02,2015-11-02,32.99,9418,175,4
SG-Android-App_Engagement,2015-11-03,2015-11-03,34.01,8057,181,4
TW-Android-Mobile_Installs,2015-10-20,2015-10-20,34.87,11315,234,56
TW-Android-Mobile_Installs,2015-10-19,2015-10-19,23.24,7156,144,25
SG-Android-App_Engagement,2015-11-04,2015-11-04,13.4,3385,76,3
TH-Android-App_Engagement,2015-11-03,2015-11-03,2.03,3562,84,2
TH-Android-App_Engagement,2015-11-02,2015-11-02,1.61,3424,82,
ID-Android-App_Engagement,2015-10-24,2015-10-24,23.15,46750,769,8
ID-Android-App_Engagement,2015-10-23,2015-10-23,27.42,48895,830,2
ID-Android-App_Engagement,2015-10-25,2015-10-25,23.66,49914,737,7
ID-Android-App_Engagement,2015-10-26,2015-10-26,26.45,49713,854,11
ID-Android-App_Engagement,2015-10-29,2015-10-29,23.19,40335,735,9
ID-Android-App_Engagement,2015-10-28,2015-10-28,26.25,44968,784,7
ID-Android-App_Engagement,2015-10-27,2015-10-27,26.3,50547,832,8
ID-Android-App_Engagement,2015-10-22,2015-10-22,22.11,45398,732,8
ID-Android-App_Engagement,2015-10-21,2015-10-21,25.04,44272,809,6
ID-IOS-App_Engagement,2015-11-01,2015-11-01,30.7,17822,80,4
ID-IOS-App_Engagement,2015-10-31,2015-10-31,30.22,17993,57,3
ID-IOS-App_Engagement,2015-10-30,2015-10-30,30.77,13735,63,1
ID-IOS-App_Engagement,2015-11-02,2015-11-02,28.7,18198,49,3
ID-IOS-App_Engagement,2015-11-03,2015-11-03,31.06,16066,64,2
ID-Android-App_Engagement,2015-10-20,2015-10-20,22.69,46780,797,7
ID-Android-App_Engagement,2015-10-19,2015-10-19,23.61,48411,785,10
ID-IOS-App_Engagement,2015-11-04,2015-11-04,11.3,8786,24,
ID-Android-App_Engagement,2015-10-30,2015-10-30,19.04,39726,630,11
ID-Android-App_Engagement,2015-10-31,2015-10-31,21.04,41116,678,6
TH-Android-App_Engagement,2015-10-27,2015-10-27,2.31,2952,65,1
TH-Android-App_Engagement,2015-10-26,2015-10-26,1.72,2733,56,3
TH-Android-App_Engagement,2015-10-25,2015-10-25,1.85,3060,57,2
TH-Android-App_Engagement,2015-10-28,2015-10-28,1.42,2507,54,1
TH-Android-App_Engagement,2015-10-29,2015-10-29,1.27,2265,46,1
TH-Android-App_Engagement,2015-11-01,2015-11-01,2.68,3989,105,2
TH-Android-App_Engagement,2015-10-31,2015-10-31,1.12,2387,46,1
TH-Android-App_Engagement,2015-10-30,2015-10-30,1.64,2356,49,2
TH-Android-App_Engagement,2015-10-24,2015-10-24,1.77,2654,47,3
TH-Android-App_Engagement,2015-10-23,2015-10-23,2.39,2723,64,3
ID-Android-App_Engagement,2015-11-03,2015-11-03,23.54,52282,855,3
ID-Android-App_Engagement,2015-11-02,2015-11-02,23.45,54361,867,10
ID-Android-App_Engagement,2015-11-01,2015-11-01,25.17,51366,843,3
ID-Android-App_Engagement,2015-11-04,2015-11-04,11.22,28076,411,5
TH-Android-App_Engagement,2015-10-19,2015-10-19,1.17,2400,46,1
TH-Android-App_Engagement,2015-10-22,2015-10-22,2.2,2474,62,
TH-Android-App_Engagement,2015-10-21,2015-10-21,1.7,2698,45,
TH-Android-App_Engagement,2015-10-20,2015-10-20,1.39,2633,42,
AU-Android-Mobile_Installs,2015-10-27,2015-10-27,1.65,311,3,
AU-Android-Mobile_Installs,2015-10-26,2015-10-26,0,430,0,
PH-IOS-App_Engagement,2015-10-31,2015-10-31,0.23,884,3,
PH-IOS-App_Engagement,2015-10-30,2015-10-30,0.1,613,3,
PH-IOS-App_Engagement,2015-11-01,2015-11-01,0.35,923,7,
PH-IOS-App_Engagement,2015-11-02,2015-11-02,0,780,0,
MY-Android-Mobile_Installs,2015-10-19,2015-10-19,5.44,2354,27,7
PH-IOS-App_Engagement,2015-11-04,2015-11-04,0.09,246,1,1
PH-IOS-App_Engagement,2015-11-03,2015-11-03,0.22,550,3,
PH-IOS-App_Engagement,2015-10-29,2015-10-29,0.18,462,3,
PH-IOS-App_Engagement,2015-10-28,2015-10-28,0.25,516,4,1
PH-IOS-App_Engagement,2015-10-22,2015-10-22,0.18,590,2,
PH-IOS-App_Engagement,2015-10-21,2015-10-21,0.13,789,5,
PH-IOS-App_Engagement,2015-10-20,2015-10-20,0.13,910,3,
PH-IOS-App_Engagement,2015-10-23,2015-10-23,0.16,361,2,
PH-IOS-App_Engagement,2015-10-24,2015-10-24,0.02,636,1,
PH-IOS-App_Engagement,2015-10-27,2015-10-27,0.08,694,1,1
PH-IOS-App_Engagement,2015-10-26,2015-10-26,0.17,697,4,
PH-IOS-App_Engagement,2015-10-25,2015-10-25,0.22,816,6,
MY-Android-Mobile_Installs,2015-10-20,2015-10-20,7.24,2027,39,12
MY-Android-Mobile_Installs,2015-10-21,2015-10-21,5.95,3294,34,8
MY-Android-Mobile_Installs,2015-11-03,2015-11-03,2.06,1139,17,2
MY-Android-Mobile_Installs,2015-11-02,2015-11-02,2.91,2193,30,4
MY-Android-Mobile_Installs,2015-11-01,2015-11-01,3.87,3124,36,6
MY-Android-Mobile_Installs,2015-11-04,2015-11-04,2.03,1268,12,2
VN-Android-App_Engagement,2015-10-19,2015-10-19,1.2,1676,51,
VN-Android-App_Engagement,2015-10-22,2015-10-22,0.6,1547,31,1
VN-Android-App_Engagement,2015-10-21,2015-10-21,0.28,1005,18,1
VN-Android-App_Engagement,2015-10-20,2015-10-20,0.71,1085,33,1
MY-Android-Mobile_Installs,2015-10-31,2015-10-31,2.97,2224,36,3
MY-Android-Mobile_Installs,2015-10-30,2015-10-30,1.82,973,11,2
MY-Android-Mobile_Installs,2015-10-24,2015-10-24,2.09,1512,25,2
MY-Android-Mobile_Installs,2015-10-23,2015-10-23,2.28,1575,14,2
MY-Android-Mobile_Installs,2015-10-22,2015-10-22,6.72,2496,36,9
MY-Android-Mobile_Installs,2015-10-25,2015-10-25,8.41,2566,31,10
MY-Android-Mobile_Installs,2015-10-26,2015-10-26,1.59,1899,19,3
MY-Android-Mobile_Installs,2015-10-29,2015-10-29,2.16,1192,13,2
MY-Android-Mobile_Installs,2015-10-28,2015-10-28,2.42,958,17,3
MY-Android-Mobile_Installs,2015-10-27,2015-10-27,5.96,1769,20,6
PH-IOS-App_Engagement,2015-10-19,2015-10-19,0.31,1200,6,
PH-Android-App_Engagement,2015-11-04,2015-11-04,0.97,1674,33,
HK-Android-Mobile_Installs,2015-10-26,2015-10-26,3.2,532,17,6
HK-Android-Mobile_Installs,2015-10-25,2015-10-25,1.02,172,4,1
HK-Android-Mobile_Installs,2015-10-27,2015-10-27,5.48,839,25,7
HK-Android-Mobile_Installs,2015-10-28,2015-10-28,2.26,322,10,2
HK-Android-Mobile_Installs,2015-10-31,2015-10-31,0.84,129,1,
HK-Android-Mobile_Installs,2015-10-30,2015-10-30,1.4,239,3,
HK-Android-Mobile_Installs,2015-10-29,2015-10-29,1.13,186,3,
HK-Android-Mobile_Installs,2015-10-24,2015-10-24,1.43,259,6,
HK-Android-Mobile_Installs,2015-10-23,2015-10-23,0.65,124,5,2
"HotelQuickly - Post Engagement",2015-10-26,2015-10-26,0.55,8104,5,
"Post: ""HotelQuickly bắt tay với Uber để mang tới món quà...""",2015-11-04,2015-11-04,0.65,577,35,
"Post: ""HotelQuickly bắt tay với Uber để mang tới món quà...""",2015-11-03,2015-11-03,1.67,1651,97,
"HotelQuickly - Post Engagement",2015-10-27,2015-10-27,9.45,96064,35,
HK-Android-Mobile_Installs,2015-10-19,2015-10-19,0.98,177,7,1
HK-Android-Mobile_Installs,2015-10-22,2015-10-22,1.38,228,3,
HK-Android-Mobile_Installs,2015-10-21,2015-10-21,2.65,469,9,2
HK-Android-Mobile_Installs,2015-10-20,2015-10-20,0.65,129,4,2
HK-Android-Mobile_Installs,2015-11-01,2015-11-01,2.82,527,14,1
HK-Android-Mobile_Installs,2015-11-02,2015-11-02,1.27,204,4,
PH-Android-App_Engagement,2015-10-29,2015-10-29,1.33,2938,53,1
PH-Android-App_Engagement,2015-10-28,2015-10-28,1.58,3357,68,
PH-Android-App_Engagement,2015-10-27,2015-10-27,1.71,3532,51,
PH-Android-App_Engagement,2015-10-30,2015-10-30,1.24,2541,53,1
PH-Android-App_Engagement,2015-10-31,2015-10-31,1.23,3100,50,
PH-Android-App_Engagement,2015-11-03,2015-11-03,1.24,2937,58,
PH-Android-App_Engagement,2015-11-02,2015-11-02,1.03,3334,68,1
PH-Android-App_Engagement,2015-11-01,2015-11-01,1.58,2941,73,
PH-Android-App_Engagement,2015-10-26,2015-10-26,1.92,3368,71,1
PH-Android-App_Engagement,2015-10-25,2015-10-25,1.24,3171,67,
PH-Android-App_Engagement,2015-10-19,2015-10-19,1.55,3900,70,1
HK-Android-Mobile_Installs,2015-11-04,2015-11-04,0.55,94,1,
HK-Android-Mobile_Installs,2015-11-03,2015-11-03,0.58,100,3,
PH-Android-App_Engagement,2015-10-20,2015-10-20,0.95,3181,48,
PH-Android-App_Engagement,2015-10-21,2015-10-21,1.4,2825,53,
PH-Android-App_Engagement,2015-10-24,2015-10-24,1.32,2498,59,
PH-Android-App_Engagement,2015-10-23,2015-10-23,1.05,2706,52,
PH-Android-App_Engagement,2015-10-22,2015-10-22,1.15,2911,55,
VN-Android-App_Engagement,2015-10-23,2015-10-23,0.54,948,22,
VN-Android-App_Engagement,2015-10-24,2015-10-24,0.35,942,20,
Social_Media-HotelQuickly-Page_Likes,2015-11-03,2015-11-03,27.75,10950,1047,
Social_Media-HotelQuickly-Page_Likes,2015-11-02,2015-11-02,27.75,12318,1165,
Social_Media-HotelQuickly-Page_Likes,2015-11-04,2015-11-04,13.46,5374,501,
PH-Android-Mobile_Installs,2015-10-19,2015-10-19,0.5,231,2,1
PH-Android-Mobile_Installs,2015-10-22,2015-10-22,0.24,255,2,
PH-Android-Mobile_Installs,2015-10-21,2015-10-21,0.19,253,2,
PH-Android-Mobile_Installs,2015-10-20,2015-10-20,0.5,701,5,
Social_Media-HotelQuickly-Page_Likes,2015-11-01,2015-11-01,27.75,16604,1200,
Social_Media-HotelQuickly-Page_Likes,2015-10-31,2015-10-31,27.75,15406,1029,
Social_Media-HotelQuickly-Page_Likes,2015-10-25,2015-10-25,27.75,12047,942,
Social_Media-HotelQuickly-Page_Likes,2015-10-24,2015-10-24,27.75,15700,892,
Social_Media-HotelQuickly-Page_Likes,2015-10-23,2015-10-23,27.75,15200,979,
Social_Media-HotelQuickly-Page_Likes,2015-10-26,2015-10-26,27.75,11763,933,
Social_Media-HotelQuickly-Page_Likes,2015-10-27,2015-10-27,27.75,19004,917,
Social_Media-HotelQuickly-Page_Likes,2015-10-30,2015-10-30,27.75,13483,985,
Social_Media-HotelQuickly-Page_Likes,2015-10-29,2015-10-29,27.75,13938,1054,
Social_Media-HotelQuickly-Page_Likes,2015-10-28,2015-10-28,27.75,14002,887,
PH-Android-Mobile_Installs,2015-10-23,2015-10-23,0.44,619,10,1
PH-Android-Mobile_Installs,2015-10-24,2015-10-24,1.1,1528,11,2
AU-Android-Mobile_Installs,2015-10-20,2015-10-20,0,419,0,
AU-Android-Mobile_Installs,2015-10-19,2015-10-19,1.82,828,4,
PH-Android-Mobile_Installs,2015-11-04,2015-11-04,0.32,285,4,1
AU-Android-Mobile_Installs,2015-10-21,2015-10-21,1.63,217,2,
AU-Android-Mobile_Installs,2015-10-22,2015-10-22,0.83,271,1,1
AU-Android-Mobile_Installs,2015-10-25,2015-10-25,0.06,406,1,
AU-Android-Mobile_Installs,2015-10-24,2015-10-24,0.83,240,1,
AU-Android-Mobile_Installs,2015-10-23,2015-10-23,0.71,149,1,
PH-Android-Mobile_Installs,2015-11-03,2015-11-03,0.44,759,4,1
PH-Android-Mobile_Installs,2015-11-02,2015-11-02,2.1,3158,28,
PH-Android-Mobile_Installs,2015-10-27,2015-10-27,0.48,663,9,1
PH-Android-Mobile_Installs,2015-10-26,2015-10-26,0.82,1096,11,2
PH-Android-Mobile_Installs,2015-10-25,2015-10-25,1.39,1926,15,1
PH-Android-Mobile_Installs,2015-10-28,2015-10-28,1.17,2292,40,3
PH-Android-Mobile_Installs,2015-10-29,2015-10-29,0.96,1711,15,3
PH-Android-Mobile_Installs,2015-11-01,2015-11-01,3.64,6177,75,8
PH-Android-Mobile_Installs,2015-10-31,2015-10-31,1.98,3263,28,3
PH-Android-Mobile_Installs,2015-10-30,2015-10-30,1.34,2165,18,3
Social_Media-HotelQuickly-Page_Likes,2015-10-22,2015-10-22,27.75,12145,946,
Social_Media-HotelQuickly-Page_Likes,2015-10-21,2015-10-21,27.75,12538,979,
HK-Android-App_Engagement,2015-10-29,2015-10-29,3.09,1173,28,
HK-Android-App_Engagement,2015-10-28,2015-10-28,3.48,1224,29,
HK-Android-App_Engagement,2015-10-30,2015-10-30,3.6,1356,30,
HK-Android-App_Engagement,2015-10-31,2015-10-31,4.23,1093,29,
HK-Android-App_Engagement,2015-11-03,2015-11-03,3.58,1162,32,
HK-Android-App_Engagement,2015-11-02,2015-11-02,2.72,1398,26,1
HK-Android-App_Engagement,2015-11-01,2015-11-01,3.55,1062,25,
HK-Android-App_Engagement,2015-10-27,2015-10-27,3.87,1551,38,1
HK-Android-App_Engagement,2015-10-26,2015-10-26,4.03,1633,34,1
HK-Android-App_Engagement,2015-10-20,2015-10-20,3.72,1441,28,
HK-Android-App_Engagement,2015-10-19,2015-10-19,9.76,2299,53,3
VN-Android-App_Engagement,2015-10-25,2015-10-25,0.01,37,1,
HK-Android-App_Engagement,2015-10-21,2015-10-21,3.2,1254,22,
HK-Android-App_Engagement,2015-10-22,2015-10-22,4.64,1392,39,1
HK-Android-App_Engagement,2015-10-25,2015-10-25,3.33,1258,23,1
HK-Android-App_Engagement,2015-10-24,2015-10-24,2.32,977,18,
HK-Android-App_Engagement,2015-10-23,2015-10-23,4.22,1114,39,
HK-Android-App_Engagement,2015-11-04,2015-11-04,0.53,513,12,
TW-Android-App_Engagement,2015-10-19,2015-10-19,16.64,16630,371,6
TW-Android-App_Engagement,2015-11-01,2015-11-01,17.59,15452,339,1
TW-Android-App_Engagement,2015-10-31,2015-10-31,13.98,15421,307,8
TW-Android-App_Engagement,2015-10-30,2015-10-30,15.32,14462,323,8
TW-Android-App_Engagement,2015-11-02,2015-11-02,11.87,13045,293,5
TW-Android-App_Engagement,2015-11-03,2015-11-03,13.85,12924,330,7
Social_Media-HotelQuickly-Page_Likes,2015-10-20,2015-10-20,27.75,13999,961,
Social_Media-HotelQuickly-Page_Likes,2015-10-19,2015-10-19,27.75,13291,918,
TW-Android-App_Engagement,2015-11-04,2015-11-04,5.65,5245,136,2
TW-Android-App_Engagement,2015-10-29,2015-10-29,16.87,14472,299,7
TW-Android-App_Engagement,2015-10-28,2015-10-28,17.3,16501,320,7
TW-Android-App_Engagement,2015-10-22,2015-10-22,18.24,16967,350,6
TW-Android-App_Engagement,2015-10-21,2015-10-21,16.27,14834,298,6
TW-Android-App_Engagement,2015-10-20,2015-10-20,16.05,14682,269,11
TW-Android-App_Engagement,2015-10-23,2015-10-23,15.66,12760,280,7
TW-Android-App_Engagement,2015-10-24,2015-10-24,19.4,12430,263,9
TW-Android-App_Engagement,2015-10-27,2015-10-27,19.31,12791,316,13
TW-Android-App_Engagement,2015-10-26,2015-10-26,17.89,13567,285,9
TW-Android-App_Engagement,2015-10-25,2015-10-25,18.13,15995,304,9
TW-Android-Mobile_Installs,2015-10-31,2015-10-31,8.97,2548,60,12
TW-Android-Mobile_Installs,2015-11-01,2015-11-01,25.05,6630,150,29
AU-IOS-Mobile_Installs,2015-11-04,2015-11-04,5.5,1459,10,
AU-IOS-Mobile_Installs,2015-11-03,2015-11-03,5.97,1224,8,
SG-IOS-Mobile_Installs,2015-10-19,2015-10-19,30.07,6185,60,26
SG-IOS-Mobile_Installs,2015-10-20,2015-10-20,15.55,3207,27,8
SG-IOS-Mobile_Installs,2015-10-23,2015-10-23,13.03,3266,29,6
SG-IOS-Mobile_Installs,2015-10-22,2015-10-22,13.38,2537,27,7
SG-IOS-Mobile_Installs,2015-10-21,2015-10-21,12.66,3078,37,13
AU-IOS-Mobile_Installs,2015-11-02,2015-11-02,3.31,1771,6,1
AU-IOS-Mobile_Installs,2015-11-01,2015-11-01,6.38,2477,7,
AU-IOS-Mobile_Installs,2015-10-26,2015-10-26,7.24,1955,6,1
AU-IOS-Mobile_Installs,2015-10-25,2015-10-25,5.28,1346,3,
AU-IOS-Mobile_Installs,2015-10-24,2015-10-24,6.61,998,10,1
AU-IOS-Mobile_Installs,2015-10-27,2015-10-27,2.21,1111,7,
AU-IOS-Mobile_Installs,2015-10-28,2015-10-28,1.61,795,1,
AU-IOS-Mobile_Installs,2015-10-31,2015-10-31,4.02,1380,4,
AU-IOS-Mobile_Installs,2015-10-30,2015-10-30,3.52,869,4,1
AU-IOS-Mobile_Installs,2015-10-29,2015-10-29,0.57,627,0,
SG-IOS-Mobile_Installs,2015-10-24,2015-10-24,18.08,3965,24,5
SG-IOS-Mobile_Installs,2015-10-25,2015-10-25,35.81,8066,63,27
VN-IOS-Mobile_Installs,2015-10-20,2015-10-20,1.32,1707,17,
VN-IOS-Mobile_Installs,2015-10-19,2015-10-19,2.47,1797,14,4
VN-IOS-Mobile_Installs,2015-10-21,2015-10-21,2.52,2792,18,4
VN-IOS-Mobile_Installs,2015-10-22,2015-10-22,0.75,1204,14,1
VN-IOS-Mobile_Installs,2015-10-25,2015-10-25,3.9,2353,21,5
VN-IOS-Mobile_Installs,2015-10-24,2015-10-24,1.24,1613,13,4
VN-IOS-Mobile_Installs,2015-10-23,2015-10-23,1.19,1240,11,1
SG-IOS-Mobile_Installs,2015-11-04,2015-11-04,8.87,1795,20,2
SG-IOS-Mobile_Installs,2015-11-03,2015-11-03,18.14,3577,34,9
SG-IOS-Mobile_Installs,2015-10-28,2015-10-28,11.06,1826,18,5
SG-IOS-Mobile_Installs,2015-10-27,2015-10-27,15.07,3340,26,5
SG-IOS-Mobile_Installs,2015-10-26,2015-10-26,45.23,8807,58,26
SG-IOS-Mobile_Installs,2015-10-29,2015-10-29,12.53,2530,16,7
SG-IOS-Mobile_Installs,2015-10-30,2015-10-30,10.75,2118,25,8
SG-IOS-Mobile_Installs,2015-11-02,2015-11-02,18.89,4939,43,10
SG-IOS-Mobile_Installs,2015-11-01,2015-11-01,22.28,7394,37,12
SG-IOS-Mobile_Installs,2015-10-31,2015-10-31,28.44,4540,35,12
AU-IOS-Mobile_Installs,2015-10-23,2015-10-23,2.74,579,4,
AU-IOS-Mobile_Installs,2015-10-22,2015-10-22,3.08,795,5,1
"HK-IOS-Mobile_Installs ",2015-10-30,2015-10-30,1.27,281,1,
"HK-IOS-Mobile_Installs ",2015-10-29,2015-10-29,3.04,1134,10,2
"HK-IOS-Mobile_Installs ",2015-10-31,2015-10-31,1.25,303,2,
"HK-IOS-Mobile_Installs ",2015-11-01,2015-11-01,4.65,1066,5,
"HK-IOS-Mobile_Installs ",2015-11-04,2015-11-04,0.99,265,4,1
"HK-IOS-Mobile_Installs ",2015-11-03,2015-11-03,1.3,431,5,1
"HK-IOS-Mobile_Installs ",2015-11-02,2015-11-02,2.81,617,1,2
"HK-IOS-Mobile_Installs ",2015-10-28,2015-10-28,11.19,1542,25,7
"HK-IOS-Mobile_Installs ",2015-10-27,2015-10-27,10.03,1817,22,8
"HK-IOS-Mobile_Installs ",2015-10-21,2015-10-21,11.56,2718,28,10
"HK-IOS-Mobile_Installs ",2015-10-20,2015-10-20,12.83,3136,17,6
"HK-IOS-Mobile_Installs ",2015-10-19,2015-10-19,11.03,3887,28,11
"HK-IOS-Mobile_Installs ",2015-10-22,2015-10-22,8.21,1680,24,6
"HK-IOS-Mobile_Installs ",2015-10-23,2015-10-23,7.06,1490,18,4
"HK-IOS-Mobile_Installs ",2015-10-26,2015-10-26,25.2,4366,42,20
"HK-IOS-Mobile_Installs ",2015-10-25,2015-10-25,9.57,3472,41,7
"HK-IOS-Mobile_Installs ",2015-10-24,2015-10-24,11.02,2168,27,12
SG-Android-Mobile_Installs,2015-10-19,2015-10-19,13.48,3645,53,9
SG-Android-Mobile_Installs,2015-10-20,2015-10-20,8.64,1706,29,6
SG-Android-Mobile_Installs,2015-11-02,2015-11-02,39.42,6507,147,23
SG-Android-Mobile_Installs,2015-11-01,2015-11-01,43.78,8009,183,27
SG-Android-Mobile_Installs,2015-10-31,2015-10-31,23.46,3706,84,17
SG-Android-Mobile_Installs,2015-11-03,2015-11-03,23.07,6059,117,15
SG-Android-Mobile_Installs,2015-11-04,2015-11-04,16.47,1829,43,9
AU-IOS-Mobile_Installs,2015-10-21,2015-10-21,0.77,1061,4,3
AU-IOS-Mobile_Installs,2015-10-20,2015-10-20,2.83,1762,5,
AU-IOS-Mobile_Installs,2015-10-19,2015-10-19,8.24,2355,12,3
SG-Android-Mobile_Installs,2015-10-30,2015-10-30,7.59,2144,40,5
SG-Android-Mobile_Installs,2015-10-29,2015-10-29,25.33,4823,109,17
SG-Android-Mobile_Installs,2015-10-23,2015-10-23,1.87,1039,16,2
SG-Android-Mobile_Installs,2015-10-22,2015-10-22,10.38,1896,26,6
SG-Android-Mobile_Installs,2015-10-21,2015-10-21,12.4,2043,48,7
SG-Android-Mobile_Installs,2015-10-24,2015-10-24,22.83,5999,110,15
SG-Android-Mobile_Installs,2015-10-25,2015-10-25,80.38,11806,275,47
SG-Android-Mobile_Installs,2015-10-28,2015-10-28,26.17,3492,80,19
SG-Android-Mobile_Installs,2015-10-27,2015-10-27,37.69,7804,155,27
SG-Android-Mobile_Installs,2015-10-26,2015-10-26,67.22,12990,264,42
VN-IOS-Mobile_Installs,2015-10-26,2015-10-26,3.5,3388,30,5
VN-IOS-Mobile_Installs,2015-10-27,2015-10-27,3.98,2865,21,6
TH-IOS-Mobile_Installs,2015-10-27,2015-10-27,22.35,21654,217,44
TH-IOS-Mobile_Installs,2015-10-26,2015-10-26,23.88,20800,187,43
TH-IOS-Mobile_Installs,2015-10-28,2015-10-28,17.39,14523,162,35
TH-IOS-Mobile_Installs,2015-10-29,2015-10-29,33.01,24144,256,56
TH-IOS-Mobile_Installs,2015-11-01,2015-11-01,41.34,41053,381,48
TH-IOS-Mobile_Installs,2015-10-31,2015-10-31,32.33,27705,243,43
TH-IOS-Mobile_Installs,2015-10-30,2015-10-30,36.73,31010,257,33
TH-IOS-Mobile_Installs,2015-10-25,2015-10-25,16.41,17230,159,28
TH-IOS-Mobile_Installs,2015-10-24,2015-10-24,18.49,18140,151,22
SG-IOS-App_Engagement,2015-11-04,2015-11-04,6.77,1830,16,
SG-IOS-App_Engagement,2015-11-03,2015-11-03,20.21,5239,48,5
SG-IOS-App_Engagement,2015-11-02,2015-11-02,15.83,5522,37,8
TH-IOS-Mobile_Installs,2015-10-19,2015-10-19,21.46,19794,182,44
TH-IOS-Mobile_Installs,2015-10-20,2015-10-20,16.94,14729,159,31
TH-IOS-Mobile_Installs,2015-10-23,2015-10-23,18.96,19311,179,29
TH-IOS-Mobile_Installs,2015-10-22,2015-10-22,12.61,12259,149,23
TH-IOS-Mobile_Installs,2015-10-21,2015-10-21,17.18,15606,161,29
TH-IOS-Mobile_Installs,2015-11-02,2015-11-02,23.35,20595,201,36
TH-IOS-Mobile_Installs,2015-11-03,2015-11-03,15.2,14554,148,24
"MY-IOS-Mobile_Installs ",2015-10-30,2015-10-30,1.15,853,3,1
"MY-IOS-Mobile_Installs ",2015-10-29,2015-10-29,1.08,626,4,
"MY-IOS-Mobile_Installs ",2015-10-28,2015-10-28,0.79,433,1,2
"MY-IOS-Mobile_Installs ",2015-10-31,2015-10-31,1.83,1633,5,1
"MY-IOS-Mobile_Installs ",2015-11-01,2015-11-01,2.55,2395,18,5
"MY-IOS-Mobile_Installs ",2015-11-04,2015-11-04,0.67,513,2,1
"MY-IOS-Mobile_Installs ",2015-11-03,2015-11-03,2.78,1411,5,1
"MY-IOS-Mobile_Installs ",2015-11-02,2015-11-02,2.29,1781,15,2
"MY-IOS-Mobile_Installs ",2015-10-27,2015-10-27,1.44,1071,7,1
"MY-IOS-Mobile_Installs ",2015-10-26,2015-10-26,2.28,951,11,4
"MY-IOS-Mobile_Installs ",2015-10-20,2015-10-20,2.71,2065,14,2
"MY-IOS-Mobile_Installs ",2015-10-19,2015-10-19,3.95,3392,24,3
TH-IOS-Mobile_Installs,2015-11-04,2015-11-04,7.98,7170,85,10
"MY-IOS-Mobile_Installs ",2015-10-21,2015-10-21,1.82,1361,7,
"MY-IOS-Mobile_Installs ",2015-10-22,2015-10-22,0.5,399,5,
"MY-IOS-Mobile_Installs ",2015-10-25,2015-10-25,1.86,1296,6,3
"MY-IOS-Mobile_Installs ",2015-10-24,2015-10-24,1.11,815,8,2
"MY-IOS-Mobile_Installs ",2015-10-23,2015-10-23,0.78,440,3,
SG-IOS-App_Engagement,2015-11-01,2015-11-01,33.31,7960,78,7
SG-IOS-App_Engagement,2015-10-31,2015-10-31,18.05,5843,46,6
TH-IOS-App_Engagement,2015-10-22,2015-10-22,6.14,7601,49,11
TH-IOS-App_Engagement,2015-10-21,2015-10-21,2.85,6685,25,6
TH-IOS-App_Engagement,2015-10-23,2015-10-23,6.23,8576,50,11
TH-IOS-App_Engagement,2015-10-24,2015-10-24,6.18,10480,57,5
TH-IOS-App_Engagement,2015-10-27,2015-10-27,5.94,10579,55,11
TH-IOS-App_Engagement,2015-10-26,2015-10-26,4.82,8226,44,10
TH-IOS-App_Engagement,2015-10-25,2015-10-25,6.4,10581,65,10
TH-IOS-App_Engagement,2015-10-20,2015-10-20,4.95,8165,43,6
TH-IOS-App_Engagement,2015-10-19,2015-10-19,5.62,8532,51,7
VN-IOS-Mobile_Installs,2015-10-30,2015-10-30,4.87,2933,21,4
VN-IOS-Mobile_Installs,2015-10-29,2015-10-29,3.76,2014,15,2
VN-IOS-Mobile_Installs,2015-10-28,2015-10-28,1.54,1288,12,3
VN-IOS-Mobile_Installs,2015-10-31,2015-10-31,7.28,6675,53,11
VN-IOS-Mobile_Installs,2015-11-01,2015-11-01,17.03,15890,109,23
VN-IOS-Mobile_Installs,2015-11-04,2015-11-04,8.87,6007,48,11
VN-IOS-Mobile_Installs,2015-11-03,2015-11-03,17.29,12206,123,25
VN-IOS-Mobile_Installs,2015-11-02,2015-11-02,9.69,8094,48,12
TH-IOS-App_Engagement,2015-10-28,2015-10-28,1.74,5293,22,4
TH-IOS-App_Engagement,2015-10-29,2015-10-29,2.57,6173,29,6
SG-IOS-App_Engagement,2015-10-25,2015-10-25,41.5,8073,100,17
SG-IOS-App_Engagement,2015-10-24,2015-10-24,36.83,8982,86,11
SG-IOS-App_Engagement,2015-10-23,2015-10-23,34.34,7243,82,9
SG-IOS-App_Engagement,2015-10-26,2015-10-26,36.31,8697,88,17
SG-IOS-App_Engagement,2015-10-27,2015-10-27,44.23,10508,111,20
SG-IOS-App_Engagement,2015-10-30,2015-10-30,10.88,3486,28,2
SG-IOS-App_Engagement,2015-10-29,2015-10-29,17.63,4572,40,7
SG-IOS-App_Engagement,2015-10-28,2015-10-28,16.74,5610,39,4
SG-IOS-App_Engagement,2015-10-22,2015-10-22,38.77,7673,93,14
SG-IOS-App_Engagement,2015-10-21,2015-10-21,39.61,9596,97,12
TH-IOS-App_Engagement,2015-11-01,2015-11-01,6.01,12520,58,4
TH-IOS-App_Engagement,2015-10-31,2015-10-31,5.17,9202,50,6
TH-IOS-App_Engagement,2015-10-30,2015-10-30,3.18,7242,34,3
TH-IOS-App_Engagement,2015-11-02,2015-11-02,3.49,7642,36,6
TH-IOS-App_Engagement,2015-11-03,2015-11-03,2.87,7944,30,
SG-IOS-App_Engagement,2015-10-20,2015-10-20,45,8747,122,13
SG-IOS-App_Engagement,2015-10-19,2015-10-19,45,10751,134,24
TH-IOS-App_Engagement,2015-11-04,2015-11-04,0.79,2860,10,1
TW-IOS-Mobile_Installs,2015-11-04,2015-11-04,8.04,2590,37,4
TW-IOS-Mobile_Installs,2015-11-03,2015-11-03,40.44,13953,191,41
ID-Android-Mobile_Installs,2015-11-01,2015-11-01,2.18,4525,39,4
ID-Android-Mobile_Installs,2015-10-31,2015-10-31,0.53,2030,19,1
ID-Android-Mobile_Installs,2015-11-02,2015-11-02,1.77,4051,40,1
ID-Android-Mobile_Installs,2015-11-03,2015-11-03,0.81,2739,32,1
MO-IOS-Mobile_Installs,2015-10-20,2015-10-20,0.66,191,1,
MO-IOS-Mobile_Installs,2015-10-19,2015-10-19,0.73,287,4,1
ID-Android-Mobile_Installs,2015-11-04,2015-11-04,0.44,1534,16,
ID-Android-Mobile_Installs,2015-10-30,2015-10-30,0.55,1425,9,
ID-Android-Mobile_Installs,2015-10-29,2015-10-29,0.65,1377,16,
ID-Android-Mobile_Installs,2015-10-23,2015-10-23,1.25,1509,15,2
ID-Android-Mobile_Installs,2015-10-22,2015-10-22,0.36,1787,11,1
ID-Android-Mobile_Installs,2015-10-21,2015-10-21,2.43,1902,25,5
ID-Android-Mobile_Installs,2015-10-24,2015-10-24,0.39,1749,16,2
ID-Android-Mobile_Installs,2015-10-25,2015-10-25,0.67,2526,31,
ID-Android-Mobile_Installs,2015-10-28,2015-10-28,0.61,1649,17,
ID-Android-Mobile_Installs,2015-10-27,2015-10-27,1.68,2910,18,2
ID-Android-Mobile_Installs,2015-10-26,2015-10-26,1.44,1878,18,2
MO-IOS-Mobile_Installs,2015-10-21,2015-10-21,1.4,441,3,
MO-IOS-Mobile_Installs,2015-10-22,2015-10-22,0.46,155,1,
MO-IOS-Mobile_Installs,2015-11-04,2015-11-04,0.13,48,0,
MO-IOS-Mobile_Installs,2015-11-03,2015-11-03,0.43,169,5,1
MO-IOS-Mobile_Installs,2015-11-02,2015-11-02,0.47,224,2,4
TW-IOS-App_Engagement,2015-10-19,2015-10-19,2.93,2260,16,4
TW-IOS-App_Engagement,2015-10-20,2015-10-20,4.09,2445,20,3
TW-IOS-App_Engagement,2015-10-23,2015-10-23,2.54,1138,12,1
TW-IOS-App_Engagement,2015-10-22,2015-10-22,5.13,2923,25,6
TW-IOS-App_Engagement,2015-10-21,2015-10-21,4.93,2951,25,6
MO-IOS-Mobile_Installs,2015-11-01,2015-11-01,0.55,277,3,
MO-IOS-Mobile_Installs,2015-10-31,2015-10-31,0.26,147,2,1
MO-IOS-Mobile_Installs,2015-10-25,2015-10-25,0.59,207,2,1
MO-IOS-Mobile_Installs,2015-10-24,2015-10-24,0.43,146,2,1
MO-IOS-Mobile_Installs,2015-10-23,2015-10-23,0.33,105,2,
MO-IOS-Mobile_Installs,2015-10-26,2015-10-26,0.64,251,0,1
MO-IOS-Mobile_Installs,2015-10-27,2015-10-27,0.4,126,2,2
MO-IOS-Mobile_Installs,2015-10-30,2015-10-30,0.29,96,2,
MO-IOS-Mobile_Installs,2015-10-29,2015-10-29,0.46,132,3,3
MO-IOS-Mobile_Installs,2015-10-28,2015-10-28,0.22,81,0,
ID-Android-Mobile_Installs,2015-10-20,2015-10-20,0.6,1811,22,3
ID-Android-Mobile_Installs,2015-10-19,2015-10-19,0.46,2871,21,2
VN-Android-Mobile_Installs,2015-10-27,2015-10-27,0.52,1307,15,1
VN-Android-Mobile_Installs,2015-10-26,2015-10-26,0.84,1711,13,1
VN-Android-Mobile_Installs,2015-10-28,2015-10-28,0.39,644,8,
VN-Android-Mobile_Installs,2015-10-29,2015-10-29,0.73,915,12,
VN-Android-Mobile_Installs,2015-11-01,2015-11-01,1.45,1709,12,2
VN-Android-Mobile_Installs,2015-10-31,2015-10-31,1.21,1955,18,2
VN-Android-Mobile_Installs,2015-10-30,2015-10-30,1.52,1595,16,3
VN-Android-Mobile_Installs,2015-10-25,2015-10-25,3.5,2345,25,4
VN-Android-Mobile_Installs,2015-10-24,2015-10-24,1.58,1235,18,3
TW-Android-Mobile_Installs,2015-11-04,2015-11-04,11.87,2615,73,10
TW-Android-Mobile_Installs,2015-11-03,2015-11-03,23.44,5250,139,28
TW-Android-Mobile_Installs,2015-11-02,2015-11-02,25.04,5855,158,26
VN-Android-Mobile_Installs,2015-10-19,2015-10-19,0.62,993,5,1
VN-Android-Mobile_Installs,2015-10-20,2015-10-20,0.43,611,6,
VN-Android-Mobile_Installs,2015-10-23,2015-10-23,1.19,565,5,1
VN-Android-Mobile_Installs,2015-10-22,2015-10-22,1.18,588,10,1
VN-Android-Mobile_Installs,2015-10-21,2015-10-21,0.98,1128,14,4
VN-Android-Mobile_Installs,2015-11-02,2015-11-02,0.7,1392,18,
VN-Android-Mobile_Installs,2015-11-03,2015-11-03,0.5,1235,7,1
TH-Android-Mobile_Installs,2015-10-30,2015-10-30,10.97,7426,109,23
TH-Android-Mobile_Installs,2015-10-29,2015-10-29,17.12,11299,149,27
TH-Android-Mobile_Installs,2015-10-28,2015-10-28,19.94,12649,174,35
TH-Android-Mobile_Installs,2015-10-31,2015-10-31,17.5,13051,200,28
TH-Android-Mobile_Installs,2015-11-01,2015-11-01,22,16829,219,28
TH-Android-Mobile_Installs,2015-11-04,2015-11-04,5.67,3808,58,15
TH-Android-Mobile_Installs,2015-11-03,2015-11-03,7.51,5377,89,12
TH-Android-Mobile_Installs,2015-11-02,2015-11-02,9.64,6903,105,19
TH-Android-Mobile_Installs,2015-10-27,2015-10-27,36.88,23814,322,65
TH-Android-Mobile_Installs,2015-10-26,2015-10-26,24.94,16963,211,41
TH-Android-Mobile_Installs,2015-10-20,2015-10-20,2.39,1872,25,7
TH-Android-Mobile_Installs,2015-10-19,2015-10-19,2.71,2210,24,2
VN-Android-Mobile_Installs,2015-11-04,2015-11-04,0.29,831,6,1
TH-Android-Mobile_Installs,2015-10-21,2015-10-21,2.44,1954,33,7
TH-Android-Mobile_Installs,2015-10-22,2015-10-22,6.27,4592,81,18
TH-Android-Mobile_Installs,2015-10-25,2015-10-25,22.09,15026,228,41
TH-Android-Mobile_Installs,2015-10-24,2015-10-24,16.01,11419,169,34
TH-Android-Mobile_Installs,2015-10-23,2015-10-23,18.31,13254,210,52
TW-IOS-App_Engagement,2015-10-24,2015-10-24,2.74,1647,15,2
TW-IOS-App_Engagement,2015-10-25,2015-10-25,5.39,2744,31,6
PH-IOS-Mobile_Installs,2015-10-25,2015-10-25,0.92,574,3,1
PH-IOS-Mobile_Installs,2015-10-24,2015-10-24,0.3,542,3,1
PH-IOS-Mobile_Installs,2015-10-26,2015-10-26,1.05,758,7,1
PH-IOS-Mobile_Installs,2015-10-27,2015-10-27,0.33,542,9,
PH-IOS-Mobile_Installs,2015-10-30,2015-10-30,0.32,460,1,
PH-IOS-Mobile_Installs,2015-10-29,2015-10-29,0.39,555,8,
PH-IOS-Mobile_Installs,2015-10-28,2015-10-28,0.33,454,5,3
PH-IOS-Mobile_Installs,2015-10-23,2015-10-23,0.28,354,2,
PH-IOS-Mobile_Installs,2015-10-22,2015-10-22,0.09,376,1,
ID-IOS-Mobile_Installs,2015-11-02,2015-11-02,0.8,1316,5,
ID-IOS-Mobile_Installs,2015-11-01,2015-11-01,1.08,1851,11,3
ID-IOS-Mobile_Installs,2015-10-31,2015-10-31,0.53,890,5,1
ID-IOS-Mobile_Installs,2015-11-03,2015-11-03,0.69,988,3,
ID-IOS-Mobile_Installs,2015-11-04,2015-11-04,0.22,497,1,
PH-IOS-Mobile_Installs,2015-10-21,2015-10-21,0.27,476,2,
PH-IOS-Mobile_Installs,2015-10-20,2015-10-20,0.39,770,3,
PH-IOS-Mobile_Installs,2015-10-19,2015-10-19,0.63,1327,5,
PH-IOS-Mobile_Installs,2015-10-31,2015-10-31,1.19,1509,10,2
PH-IOS-Mobile_Installs,2015-11-01,2015-11-01,1.92,2046,33,4
TW-IOS-Mobile_Installs,2015-10-28,2015-10-28,34.7,8716,163,45
TW-IOS-Mobile_Installs,2015-10-27,2015-10-27,31.29,8794,183,42
TW-IOS-Mobile_Installs,2015-10-26,2015-10-26,25.75,8203,128,27
TW-IOS-Mobile_Installs,2015-10-29,2015-10-29,38.97,10780,153,36
TW-IOS-Mobile_Installs,2015-10-30,2015-10-30,35.01,10709,192,51
TW-IOS-Mobile_Installs,2015-11-02,2015-11-02,46.92,16505,252,41
TW-IOS-Mobile_Installs,2015-11-01,2015-11-01,73.09,26058,405,79
TW-IOS-Mobile_Installs,2015-10-31,2015-10-31,42.45,14124,183,36
TW-IOS-Mobile_Installs,2015-10-25,2015-10-25,28.81,8141,147,40
TW-IOS-Mobile_Installs,2015-10-24,2015-10-24,11.97,3215,65,13
PH-IOS-Mobile_Installs,2015-11-04,2015-11-04,0.16,263,3,
PH-IOS-Mobile_Installs,2015-11-03,2015-11-03,0.24,408,6,1
PH-IOS-Mobile_Installs,2015-11-02,2015-11-02,0.92,1384,22,
TW-IOS-Mobile_Installs,2015-10-19,2015-10-19,26.8,8879,140,28
TW-IOS-Mobile_Installs,2015-10-20,2015-10-20,21.22,6743,108,19
TW-IOS-Mobile_Installs,2015-10-23,2015-10-23,10.85,3184,50,10
TW-IOS-Mobile_Installs,2015-10-22,2015-10-22,14.26,4473,82,20
TW-IOS-Mobile_Installs,2015-10-21,2015-10-21,17.28,5569,78,25
ID-IOS-Mobile_Installs,2015-10-30,2015-10-30,0.61,714,4,
ID-IOS-Mobile_Installs,2015-10-29,2015-10-29,0.83,923,9,1
HK-IOS-App_Engagement,2015-10-20,2015-10-20,3.93,1470,12,
HK-IOS-App_Engagement,2015-10-19,2015-10-19,7.1,1575,21,3
HK-IOS-App_Engagement,2015-10-21,2015-10-21,7.32,1628,26,4
HK-IOS-App_Engagement,2015-10-22,2015-10-22,5.79,1117,18,2
HK-IOS-App_Engagement,2015-10-25,2015-10-25,4.21,1326,12,1
HK-IOS-App_Engagement,2015-10-24,2015-10-24,2.76,910,8,1
HK-IOS-App_Engagement,2015-10-23,2015-10-23,6.89,1041,20,
TW-IOS-App_Engagement,2015-11-04,2015-11-04,2.09,875,10,2
TW-IOS-App_Engagement,2015-11-03,2015-11-03,4.69,2699,26,
TW-IOS-App_Engagement,2015-10-28,2015-10-28,11.24,4484,55,8
TW-IOS-App_Engagement,2015-10-27,2015-10-27,5.62,2621,30,5
TW-IOS-App_Engagement,2015-10-26,2015-10-26,7.15,3118,34,5
TW-IOS-App_Engagement,2015-10-29,2015-10-29,4.57,2906,26,5
TW-IOS-App_Engagement,2015-10-30,2015-10-30,7.39,3128,40,1
TW-IOS-App_Engagement,2015-11-02,2015-11-02,4.28,2235,21,1
TW-IOS-App_Engagement,2015-11-01,2015-11-01,8.59,4166,47,2
TW-IOS-App_Engagement,2015-10-31,2015-10-31,3.52,3058,20,6
HK-IOS-App_Engagement,2015-10-26,2015-10-26,4.42,1547,13,3
HK-IOS-App_Engagement,2015-10-27,2015-10-27,1.38,758,4,
ID-IOS-Mobile_Installs,2015-10-23,2015-10-23,0.73,642,6,1
ID-IOS-Mobile_Installs,2015-10-22,2015-10-22,0.17,493,7,
ID-IOS-Mobile_Installs,2015-10-21,2015-10-21,0.49,708,8,1
ID-IOS-Mobile_Installs,2015-10-24,2015-10-24,0.62,907,7,2
ID-IOS-Mobile_Installs,2015-10-25,2015-10-25,1,1374,6,3
ID-IOS-Mobile_Installs,2015-10-28,2015-10-28,0.67,599,8,2
ID-IOS-Mobile_Installs,2015-10-27,2015-10-27,0.78,845,7,1
ID-IOS-Mobile_Installs,2015-10-26,2015-10-26,1.03,1186,10,2
ID-IOS-Mobile_Installs,2015-10-20,2015-10-20,0.58,796,8,3
ID-IOS-Mobile_Installs,2015-10-19,2015-10-19,0.81,1090,8,1
HK-IOS-App_Engagement,2015-10-30,2015-10-30,0.38,443,2,
HK-IOS-App_Engagement,2015-10-29,2015-10-29,1.38,695,5,2
HK-IOS-App_Engagement,2015-10-28,2015-10-28,1.42,532,4,1
HK-IOS-App_Engagement,2015-10-31,2015-10-31,0.36,399,1,
HK-IOS-App_Engagement,2015-11-01,2015-11-01,0,561,0,
HK-IOS-App_Engagement,2015-11-04,2015-11-04,1.37,237,4,1
HK-IOS-App_Engagement,2015-11-03,2015-11-03,2.03,733,6,
HK-IOS-App_Engagement,2015-11-02,2015-11-02,1.04,561,3,
